Workbook

Sheet raw_transactions
A1: transaction_id | B1: transaction_date | C1: merchant_name | D1: raw_amount | E1: currency | F1: status | G1: risk_score | H1: gateway_region | I1: user_id | J1: payment_method
A2: T001 | B2: 46082 | C2: alpha mart | D2: 420000 | E2: INR | F2: captured | G2: score:62 | H2: APAC | I2: U001 | J2: UPI
A3: T002 | B3: 46082 | C3: ALPHA MART | D3: 210000 | E3: INR | F3: Captured | G3: 55 | I3: U002 | J3: Card
A4: T003 | B4: 46082 | C4: BETA STORES | D4: 510000 | E4: INR | F4: CAPTURED | G4: 71 | H4: APAC | I4: U003 | J4: NetBanking
A5: T004 | B5: 46083 | C5: Beta Stores | D5: 160000 | E5: INR | F5: failed e05 timeout | G5: 68 | H5: apac | I5: U004 | J5: Card
A6: T005 | B6: 46083 | C6: Alpha Mart | D6: 390000 | E6: INR | F6: CAPTURED | G6: 58 | I6: U001 | J6: UPI
A7: T006 | B7: 46083 | C7: Beta Stores | D7: 275000 | E7: INR | F7: Captured | G7: score:64 | I7: U005 | J7: Wallet
A8: T007 | B8: 46083 | C8: Alpha Mart | D8: 450000 | E8: INR | F8: chargeback | G8: risk-83 | H8: APAC | I8: U006 | J8: Card
A9: T008 | B9: 46084 | C9: BETA STORES | D9: 340000 | E9: INR | F9: Captured | G9: 59 | I9: U007 | J9: UPI
A10: T009 | B10: 46084 | C10: Alpha Mart | D10: 125000 | E10: INR | F10: captured | G10: 46 | H10: APAC | I10: U002 | J10: Wallet
A11: T010 | B11: 46084 | C11: Beta Stores | D11: 610000 | E11: INR | F11: captured | G11: risk-77 | I11: U003 | J11: Card
A12: T011 | B12: 46084 | C12: Alpha Mart | D12: 195000 | E12: INR | F12: FAILED e05 TIMEOUT | I12: U008 | J12: UPI
A13: T012 | B13: 46085 | C13: Beta Stores | D13: 250000 | E13: INR | F13: captured | G13: risk-61 | H13: APAC | I13: U009 | J13: Card
A14: T013 | B14: 46085 | C14: alpha mart | D14: 310000 | E14: INR | F14: captured | G14: score:54 | H14: APAC | I14: U010 | J14: UPI
A15: T014 | B15: 46085 | C15: Beta Stores | D15: 470000 | E15: INR | F15: captured | G15: risk-73 | H15: APAC | I15: U001 | J15: NetBanking
A16: T015 | B16: 46085 | C16: Alpha Mart | D16: 130000 | E16: INR | F16: captured | G16: score:52 | I16: U002 | J16: Card
A17: T016 | B17: 46086 | C17: Beta Stores | D17: 220000 | E17: INR | F17: failed E05 timeout | G17: risk-69 | I17: U008 | J17: Card
A18: T017 | B18: 46086 | C18: Beta Stores | D18: 180000 | E18: INR | F18: Failed E05 Timeout | G18: score:72 | H18: apac | I18: U008 | J18: Card
A19: T018 | B19: 46086 | C19: BETA STORES | D19: 145000 | E19: INR | F19: chargeback | G19: risk-86 | H19: APAC | I19: U008 | J19: UPI
A20: T019 | B20: 46086 | C20: Alpha Mart | D20: 260000 | E20: INR | F20: Failed E05 Timeout | G20: score:67 | H20: apac | I20: U008 | J20: Wallet
A21: T020 | B21: 46086 | C21: Alpha Mart | D21: 520000 | E21: INR | F21: Captured | G21: 75 | H21: APAC | I21: U005 | J21: UPI
A22: T021 | B22: 46087 | C22: beta stores | D22: 330000 | E22: INR | F22: captured | G22: score:63 | I22: U006 | J22: Card
A23: T022 | B23: 46087 | C23: ALPHA MART | D23: 410000 | E23: INR | F23: captured | G23: 60 | H23: APAC | I23: U007 | J23: UPI
A24: T023 | B24: 46082 | C24: City Pharma | D24: 5200 | E24: EUR | F24: Captured | G24: 42 | H24: EU | I24: U003 | J24: Card
A25: T024 | B25: 46083 | C25: Eco Home | D25: 6100 | E25: EUR | F25: chargeback | G25: score:65 | H25: EU | I25: U004 | J25: Card
A26: T025 | B26: 46084 | C26: City Pharma | D26: 2800 | E26: EUR | F26: captured | G26: 38 | H26: eu | I26: U005 | J26: Wallet
A27: T026 | B27: 46086 | C27: Eco Home | D27: 3300 | E27: EUR | F27: Failed E05 Timeout | G27: 44 | H27: EU | I27: U006 | J27: NetBanking
A28: T027 | B28: 46082 | C28: DELTA TRAVELS | D28: 7200 | E28: USD | F28: captured | G28: 49 | H28: us | I28: U007 | J28: Card
A29: T028 | B29: 46083 | C29: Delta Travels | D29: 3100 | E29: USD | F29: CAPTURED | G29: risk-41 | H29: US | I29: U008 | J29: Card
A30: T029 | B30: 46085 | C30: delta travels | D30: 2500 | E30: USD | F30: chargeback | G30: score:58 | H30: US | I30: U009 | J30: Wallet
A31: T030 | B31: 46087 | C31: DELTA TRAVELS | D31: 1800 | E31: USD | F31: Failed E05 Timeout | G31: score:47 | H31: US | I31: U010 | J31: UPI

Sheet merchant_master
A1: merchant_id | B1: merchant_name | C1: account_manager | D1: merchant_category | E1: default_region
A2: M001 | B2: Alpha Mart | C2: Aisha Khan | D2: Grocery | E2: APAC
A3: M002 | B3: Beta Stores | C3: Rohan Mehta | D3: Electronics | E3: APAC
A4: M003 | B4: City Pharma | C4: Elena Rossi | D4: Healthcare | E4: EU
A5: M004 | B5: Delta Travels | C5: Marcus Lee | D5: Travel | E5: US
A6: M005 | B6: Eco Home | C6: Nina Weber | D6: Home | E6: EU

Sheet exchange_rates
A1: rate_date | B1: currency | C1: usd_rate
A2: 46082 | B2: INR | C2: 0.0119
A3: 46082 | B3: EUR | C3: 1.08
A4: 46082 | B4: USD | C4: 1
A5: 46083 | B5: INR | C5: 0.012
A6: 46083 | B6: EUR | C6: 1.09
A7: 46083 | B7: USD | C7: 1
A8: 46084 | B8: INR | C8: 0.0121
A9: 46084 | B9: EUR | C9: 1.08
A10: 46084 | B10: USD | C10: 1
A11: 46085 | B11: INR | C11: 0.012
A12: 46085 | B12: EUR | C12: 1.07
A13: 46085 | B13: USD | C13: 1
... A19: 46087 | B19: USD | C19: 1

Sheet cleaned_transactions
A1: transaction_id | B1: transaction_date | C1: merchant_name | D1: raw_amount | E1: currency | F1: status | G1: risk_score | H1: gateway_region | I1: user_id | J1: payment_method | K1: merchant_name_clean | L1: status_clean | M1: status_standardized | N1: risk_score_clean | O1: gateway_region_clean | P1: amount_usd | Q1: high_value_flag | R1: high_risk_flag
A2: T001 | B2: 46082 | C2: alpha mart | D2: 420000 | E2: INR | F2: captured | G2: score:62 | H2: APAC | I2: U001 | J2: UPI | K2: =PROPER(TRIM(C2)) -> Alpha Mart | L2: =LOWER(TRIM(F2)) -> captured | M2: =IF(ISNUMBER(SEARCH("capture",L2)),"captured", IF(ISNUMBER(SEARCH("fail",L2)),"failed", IF(ISNUMBER(SEARCH("chargeback",L2)),"chargeback","other"))) -> captured | N2: =IF(G2="","",VALUE(SUBSTITUTE(SUBSTITUTE(G2,"score:",""),"risk-",""))) -> 62 | O2: =UPPER(TRIM(IF(H2<>"",H2,_xlfn.XLOOKUP(K2,merchant_master!B:B,merchant_master!E:E)))) -> APAC | P2: =D2*_xlfn.XLOOKUP(E2,exchange_rates!B:B,exchange_rates!C:C) -> 4998 | Q2: =IF(AND(TRIM(O2)="APAC",P2>5000),1, IF(AND(TRIM(O2)="EU",P2>6000),1, IF(AND(TRIM(O2)="US",P2>7000),1,0))) -> 0 | R2: =IF(OR(N2>=70,ISNUMBER(SEARCH("chargeback",M2))),1,0) -> 0
A3: T002 | B3: 46082 | C3: ALPHA MART | D3: 210000 | E3: INR | F3: Captured | G3: 55 | I3: U002 | J3: Card | K3: =PROPER(TRIM(C3)) -> Alpha Mart | L3: =LOWER(TRIM(F3)) -> captured | M3: =IF(ISNUMBER(SEARCH("capture",L3)),"captured", IF(ISNUMBER(SEARCH("fail",L3)),"failed", IF(ISNUMBER(SEARCH("chargeback",L3)),"chargeback","other"))) -> captured | N3: =IF(G3="","",VALUE(SUBSTITUTE(SUBSTITUTE(G3,"score:",""),"risk-",""))) -> 55 | O3: =UPPER(TRIM(IF(H3<>"",H3,_xlfn.XLOOKUP(K3,merchant_master!B:B,merchant_master!E:E)))) -> APAC | P3: =D3*_xlfn.XLOOKUP(E3,exchange_rates!B:B,exchange_rates!C:C) -> 2499 | Q3: =IF(AND(TRIM(O3)="APAC",P3>5000),1, IF(AND(TRIM(O3)="EU",P3>6000),1, IF(AND(TRIM(O3)="US",P3>7000),1,0))) -> 0 | R3: =IF(OR(N3>=70,ISNUMBER(SEARCH("chargeback",M3))),1,0) -> 0
A4: T003 | B4: 46082 | C4: BETA STORES | D4: 510000 | E4: INR | F4: CAPTURED | G4: 71 | H4: APAC | I4: U003 | J4: NetBanking | K4: =PROPER(TRIM(C4)) -> Beta Stores | L4: =LOWER(TRIM(F4)) -> captured | M4: =IF(ISNUMBER(SEARCH("capture",L4)),"captured", IF(ISNUMBER(SEARCH("fail",L4)),"failed", IF(ISNUMBER(SEARCH("chargeback",L4)),"chargeback","other"))) -> captured | N4: =IF(G4="","",VALUE(SUBSTITUTE(SUBSTITUTE(G4,"score:",""),"risk-",""))) -> 71 | O4: =UPPER(TRIM(IF(H4<>"",H4,_xlfn.XLOOKUP(K4,merchant_master!B:B,merchant_master!E:E)))) -> APAC | P4: =D4*_xlfn.XLOOKUP(E4,exchange_rates!B:B,exchange_rates!C:C) -> 6069 | Q4: =IF(AND(TRIM(O4)="APAC",P4>5000),1, IF(AND(TRIM(O4)="EU",P4>6000),1, IF(AND(TRIM(O4)="US",P4>7000),1,0))) -> 1 | R4: =IF(OR(N4>=70,ISNUMBER(SEARCH("chargeback",M4))),1,0) -> 1
A5: T004 | B5: 46083 | C5: Beta Stores | D5: 160000 | E5: INR | F5: failed e05 timeout | G5: 68 | H5: apac | I5: U004 | J5: Card | K5: =PROPER(TRIM(C5)) -> Beta Stores | L5: =LOWER(TRIM(F5)) -> failed e05 timeout | M5: =IF(ISNUMBER(SEARCH("capture",L5)),"captured", IF(ISNUMBER(SEARCH("fail",L5)),"failed", IF(ISNUMBER(SEARCH("chargeback",L5)),"chargeback","other"))) -> failed | N5: =IF(G5="","",VALUE(SUBSTITUTE(SUBSTITUTE(G5,"score:",""),"risk-",""))) -> 68 | O5: =UPPER(TRIM(IF(H5<>"",H5,_xlfn.XLOOKUP(K5,merchant_master!B:B,merchant_master!E:E)))) -> APAC | P5: =D5*_xlfn.XLOOKUP(E5,exchange_rates!B:B,exchange_rates!C:C) -> 1904 | Q5: =IF(AND(TRIM(O5)="APAC",P5>5000),1, IF(AND(TRIM(O5)="EU",P5>6000),1, IF(AND(TRIM(O5)="US",P5>7000),1,0))) -> 0 | R5: =IF(OR(N5>=70,ISNUMBER(SEARCH("chargeback",M5))),1,0) -> 0
A6: T005 | B6: 46083 | C6: Alpha Mart | D6: 390000 | E6: INR | F6: CAPTURED | G6: 58 | I6: U001 | J6: UPI | K6: =PROPER(TRIM(C6)) -> Alpha Mart | L6: =LOWER(TRIM(F6)) -> captured | M6: =IF(ISNUMBER(SEARCH("capture",L6)),"captured", IF(ISNUMBER(SEARCH("fail",L6)),"failed", IF(ISNUMBER(SEARCH("chargeback",L6)),"chargeback","other"))) -> captured | N6: =IF(G6="","",VALUE(SUBSTITUTE(SUBSTITUTE(G6,"score:",""),"risk-",""))) -> 58 | O6: =UPPER(TRIM(IF(H6<>"",H6,_xlfn.XLOOKUP(K6,merchant_master!B:B,merchant_master!E:E)))) -> APAC | P6: =D6*_xlfn.XLOOKUP(E6,exchange_rates!B:B,exchange_rates!C:C) -> 4641 | Q6: =IF(AND(TRIM(O6)="APAC",P6>5000),1, IF(AND(TRIM(O6)="EU",P6>6000),1, IF(AND(TRIM(O6)="US",P6>7000),1,0))) -> 0 | R6: =IF(OR(N6>=70,ISNUMBER(SEARCH("chargeback",M6))),1,0) -> 0
A7: T006 | B7: 46083 | C7: Beta Stores | D7: 275000 | E7: INR | F7: Captured | G7: score:64 | I7: U005 | J7: Wallet | K7: =PROPER(TRIM(C7)) -> Beta Stores | L7: =LOWER(TRIM(F7)) -> captured | M7: =IF(ISNUMBER(SEARCH("capture",L7)),"captured", IF(ISNUMBER(SEARCH("fail",L7)),"failed", IF(ISNUMBER(SEARCH("chargeback",L7)),"chargeback","other"))) -> captured | N7: =IF(G7="","",VALUE(SUBSTITUTE(SUBSTITUTE(G7,"score:",""),"risk-",""))) -> 64 | O7: =UPPER(TRIM(IF(H7<>"",H7,_xlfn.XLOOKUP(K7,merchant_master!B:B,merchant_master!E:E)))) -> APAC | P7: =D7*_xlfn.XLOOKUP(E7,exchange_rates!B:B,exchange_rates!C:C) -> 3272.5 | Q7: =IF(AND(TRIM(O7)="APAC",P7>5000),1, IF(AND(TRIM(O7)="EU",P7>6000),1, IF(AND(TRIM(O7)="US",P7>7000),1,0))) -> 0 | R7: =IF(OR(N7>=70,ISNUMBER(SEARCH("chargeback",M7))),1,0) -> 0
A8: T007 | B8: 46083 | C8: Alpha Mart | D8: 450000 | E8: INR | F8: chargeback | G8: risk-83 | H8: APAC | I8: U006 | J8: Card | K8: =PROPER(TRIM(C8)) -> Alpha Mart | L8: =LOWER(TRIM(F8)) -> chargeback | M8: =IF(ISNUMBER(SEARCH("capture",L8)),"captured", IF(ISNUMBER(SEARCH("fail",L8)),"failed", IF(ISNUMBER(SEARCH("chargeback",L8)),"chargeback","other"))) -> chargeback | N8: =IF(G8="","",VALUE(SUBSTITUTE(SUBSTITUTE(G8,"score:",""),"risk-",""))) -> 83 | O8: =UPPER(TRIM(IF(H8<>"",H8,_xlfn.XLOOKUP(K8,merchant_master!B:B,merchant_master!E:E)))) -> APAC | P8: =D8*_xlfn.XLOOKUP(E8,exchange_rates!B:B,exchange_rates!C:C) -> 5355 | Q8: =IF(AND(TRIM(O8)="APAC",P8>5000),1, IF(AND(TRIM(O8)="EU",P8>6000),1, IF(AND(TRIM(O8)="US",P8>7000),1,0))) -> 1 | R8: =IF(OR(N8>=70,ISNUMBER(SEARCH("chargeback",M8))),1,0) -> 1
A9: T008 | B9: 46084 | C9: BETA STORES | D9: 340000 | E9: INR | F9: Captured | G9: 59 | I9: U007 | J9: UPI | K9: =PROPER(TRIM(C9)) -> Beta Stores | L9: =LOWER(TRIM(F9)) -> captured | M9: =IF(ISNUMBER(SEARCH("capture",L9)),"captured", IF(ISNUMBER(SEARCH("fail",L9)),"failed", IF(ISNUMBER(SEARCH("chargeback",L9)),"chargeback","other"))) -> captured | N9: =IF(G9="","",VALUE(SUBSTITUTE(SUBSTITUTE(G9,"score:",""),"risk-",""))) -> 59 | O9: =UPPER(TRIM(IF(H9<>"",H9,_xlfn.XLOOKUP(K9,merchant_master!B:B,merchant_master!E:E)))) -> APAC | P9: =D9*_xlfn.XLOOKUP(E9,exchange_rates!B:B,exchange_rates!C:C) -> 4046 | Q9: =IF(AND(TRIM(O9)="APAC",P9>5000),1, IF(AND(TRIM(O9)="EU",P9>6000),1, IF(AND(TRIM(O9)="US",P9>7000),1,0))) -> 0 | R9: =IF(OR(N9>=70,ISNUMBER(SEARCH("chargeback",M9))),1,0) -> 0
A10: T009 | B10: 46084 | C10: Alpha Mart | D10: 125000 | E10: INR | F10: captured | G10: 46 | H10: APAC | I10: U002 | J10: Wallet | K10: =PROPER(TRIM(C10)) -> Alpha Mart | L10: =LOWER(TRIM(F10)) -> captured | M10: =IF(ISNUMBER(SEARCH("capture",L10)),"captured", IF(ISNUMBER(SEARCH("fail",L10)),"failed", IF(ISNUMBER(SEARCH("chargeback",L10)),"chargeback","other"))) -> captured | N10: =IF(G10="","",VALUE(SUBSTITUTE(SUBSTITUTE(G10,"score:",""),"risk-",""))) -> 46 | O10: =UPPER(TRIM(IF(H10<>"",H10,_xlfn.XLOOKUP(K10,merchant_master!B:B,merchant_master!E:E)))) -> APAC | P10: =D10*_xlfn.XLOOKUP(E10,exchange_rates!B:B,exchange_rates!C:C) -> 1487.5 | Q10: =IF(AND(TRIM(O10)="APAC",P10>5000),1, IF(AND(TRIM(O10)="EU",P10>6000),1, IF(AND(TRIM(O10)="US",P10>7000),1,0))) -> 0 | R10: =IF(OR(N10>=70,ISNUMBER(SEARCH("chargeback",M10))),1,0) -> 0
A11: T010 | B11: 46084 | C11: Beta Stores | D11: 610000 | E11: INR | F11: captured | G11: risk-77 | I11: U003 | J11: Card | K11: =PROPER(TRIM(C11)) -> Beta Stores | L11: =LOWER(TRIM(F11)) -> captured | M11: =IF(ISNUMBER(SEARCH("capture",L11)),"captured", IF(ISNUMBER(SEARCH("fail",L11)),"failed", IF(ISNUMBER(SEARCH("chargeback",L11)),"chargeback","other"))) -> captured | N11: =IF(G11="","",VALUE(SUBSTITUTE(SUBSTITUTE(G11,"score:",""),"risk-",""))) -> 77 | O11: =UPPER(TRIM(IF(H11<>"",H11,_xlfn.XLOOKUP(K11,merchant_master!B:B,merchant_master!E:E)))) -> APAC | P11: =D11*_xlfn.XLOOKUP(E11,exchange_rates!B:B,exchange_rates!C:C) -> 7259 | Q11: =IF(AND(TRIM(O11)="APAC",P11>5000),1, IF(AND(TRIM(O11)="EU",P11>6000),1, IF(AND(TRIM(O11)="US",P11>7000),1,0))) -> 1 | R11: =IF(OR(N11>=70,ISNUMBER(SEARCH("chargeback",M11))),1,0) -> 1
A12: T011 | B12: 46084 | C12: Alpha Mart | D12: 195000 | E12: INR | F12: FAILED e05 TIMEOUT | I12: U008 | J12: UPI | K12: =PROPER(TRIM(C12)) -> Alpha Mart | L12: =LOWER(TRIM(F12)) -> failed e05 timeout | M12: =IF(ISNUMBER(SEARCH("capture",L12)),"captured", IF(ISNUMBER(SEARCH("fail",L12)),"failed", IF(ISNUMBER(SEARCH("chargeback",L12)),"chargeback","other"))) -> failed | N12: =IF(G12="","",VALUE(SUBSTITUTE(SUBSTITUTE(G12,"score:",""),"risk-",""))) | O12: =UPPER(TRIM(IF(H12<>"",H12,_xlfn.XLOOKUP(K12,merchant_master!B:B,merchant_master!E:E)))) -> APAC | P12: =D12*_xlfn.XLOOKUP(E12,exchange_rates!B:B,exchange_rates!C:C) -> 2320.5 | Q12: =IF(AND(TRIM(O12)="APAC",P12>5000),1, IF(AND(TRIM(O12)="EU",P12>6000),1, IF(AND(TRIM(O12)="US",P12>7000),1,0))) -> 0 | R12: =IF(OR(N12>=70,ISNUMBER(SEARCH("chargeback",M12))),1,0) -> 1
A13: T012 | B13: 46085 | C13: Beta Stores | D13: 250000 | E13: INR | F13: captured | G13: risk-61 | H13: APAC | I13: U009 | J13: Card | K13: =PROPER(TRIM(C13)) -> Beta Stores | L13: =LOWER(TRIM(F13)) -> captured | M13: =IF(ISNUMBER(SEARCH("capture",L13)),"captured", IF(ISNUMBER(SEARCH("fail",L13)),"failed", IF(ISNUMBER(SEARCH("chargeback",L13)),"chargeback","other"))) -> captured | N13: =IF(G13="","",VALUE(SUBSTITUTE(SUBSTITUTE(G13,"score:",""),"risk-",""))) -> 61 | O13: =UPPER(TRIM(IF(H13<>"",H13,_xlfn.XLOOKUP(K13,merchant_master!B:B,merchant_master!E:E)))) -> APAC | P13: =D13*_xlfn.XLOOKUP(E13,exchange_rates!B:B,exchange_rates!C:C) -> 2975 | Q13: =IF(AND(TRIM(O13)="APAC",P13>5000),1, IF(AND(TRIM(O13)="EU",P13>6000),1, IF(AND(TRIM(O13)="US",P13>7000),1,0))) -> 0 | R13: =IF(OR(N13>=70,ISNUMBER(SEARCH("chargeback",M13))),1,0) -> 0
A14: T013 | B14: 46085 | C14: alpha mart | D14: 310000 | E14: INR | F14: captured | G14: score:54 | H14: APAC | I14: U010 | J14: UPI | K14: =PROPER(TRIM(C14)) -> Alpha Mart | L14: =LOWER(TRIM(F14)) -> captured | M14: =IF(ISNUMBER(SEARCH("capture",L14)),"captured", IF(ISNUMBER(SEARCH("fail",L14)),"failed", IF(ISNUMBER(SEARCH("chargeback",L14)),"chargeback","other"))) -> captured | N14: =IF(G14="","",VALUE(SUBSTITUTE(SUBSTITUTE(G14,"score:",""),"risk-",""))) -> 54 | O14: =UPPER(TRIM(IF(H14<>"",H14,_xlfn.XLOOKUP(K14,merchant_master!B:B,merchant_master!E:E)))) -> APAC | P14: =D14*_xlfn.XLOOKUP(E14,exchange_rates!B:B,exchange_rates!C:C) -> 3689 | Q14: =IF(AND(TRIM(O14)="APAC",P14>5000),1, IF(AND(TRIM(O14)="EU",P14>6000),1, IF(AND(TRIM(O14)="US",P14>7000),1,0))) -> 0 | R14: =IF(OR(N14>=70,ISNUMBER(SEARCH("chargeback",M14))),1,0) -> 0
A15: T014 | B15: 46085 | C15: Beta Stores | D15: 470000 | E15: INR | F15: captured | G15: risk-73 | H15: APAC | I15: U001 | J15: NetBanking | K15: =PROPER(TRIM(C15)) -> Beta Stores | L15: =LOWER(TRIM(F15)) -> captured | M15: =IF(ISNUMBER(SEARCH("capture",L15)),"captured", IF(ISNUMBER(SEARCH("fail",L15)),"failed", IF(ISNUMBER(SEARCH("chargeback",L15)),"chargeback","other"))) -> captured | N15: =IF(G15="","",VALUE(SUBSTITUTE(SUBSTITUTE(G15,"score:",""),"risk-",""))) -> 73 | O15: =UPPER(TRIM(IF(H15<>"",H15,_xlfn.XLOOKUP(K15,merchant_master!B:B,merchant_master!E:E)))) -> APAC | P15: =D15*_xlfn.XLOOKUP(E15,exchange_rates!B:B,exchange_rates!C:C) -> 5593 | Q15: =IF(AND(TRIM(O15)="APAC",P15>5000),1, IF(AND(TRIM(O15)="EU",P15>6000),1, IF(AND(TRIM(O15)="US",P15>7000),1,0))) -> 1 | R15: =IF(OR(N15>=70,ISNUMBER(SEARCH("chargeback",M15))),1,0) -> 1
A16: T015 | B16: 46085 | C16: Alpha Mart | D16: 130000 | E16: INR | F16: captured | G16: score:52 | I16: U002 | J16: Card | K16: =PROPER(TRIM(C16)) -> Alpha Mart | L16: =LOWER(TRIM(F16)) -> captured | M16: =IF(ISNUMBER(SEARCH("capture",L16)),"captured", IF(ISNUMBER(SEARCH("fail",L16)),"failed", IF(ISNUMBER(SEARCH("chargeback",L16)),"chargeback","other"))) -> captured | N16: =IF(G16="","",VALUE(SUBSTITUTE(SUBSTITUTE(G16,"score:",""),"risk-",""))) -> 52 | O16: =UPPER(TRIM(IF(H16<>"",H16,_xlfn.XLOOKUP(K16,merchant_master!B:B,merchant_master!E:E)))) -> APAC | P16: =D16*_xlfn.XLOOKUP(E16,exchange_rates!B:B,exchange_rates!C:C) -> 1547 | Q16: =IF(AND(TRIM(O16)="APAC",P16>5000),1, IF(AND(TRIM(O16)="EU",P16>6000),1, IF(AND(TRIM(O16)="US",P16>7000),1,0))) -> 0 | R16: =IF(OR(N16>=70,ISNUMBER(SEARCH("chargeback",M16))),1,0) -> 0
A17: T016 | B17: 46086 | C17: Beta Stores | D17: 220000 | E17: INR | F17: failed E05 timeout | G17: risk-69 | I17: U008 | J17: Card | K17: =PROPER(TRIM(C17)) -> Beta Stores | L17: =LOWER(TRIM(F17)) -> failed e05 timeout | M17: =IF(ISNUMBER(SEARCH("capture",L17)),"captured", IF(ISNUMBER(SEARCH("fail",L17)),"failed", IF(ISNUMBER(SEARCH("chargeback",L17)),"chargeback","other"))) -> failed | N17: =IF(G17="","",VALUE(SUBSTITUTE(SUBSTITUTE(G17,"score:",""),"risk-",""))) -> 69 | O17: =UPPER(TRIM(IF(H17<>"",H17,_xlfn.XLOOKUP(K17,merchant_master!B:B,merchant_master!E:E)))) -> APAC | P17: =D17*_xlfn.XLOOKUP(E17,exchange_rates!B:B,exchange_rates!C:C) -> 2618 | Q17: =IF(AND(TRIM(O17)="APAC",P17>5000),1, IF(AND(TRIM(O17)="EU",P17>6000),1, IF(AND(TRIM(O17)="US",P17>7000),1,0))) -> 0 | R17: =IF(OR(N17>=70,ISNUMBER(SEARCH("chargeback",M17))),1,0) -> 0
A18: T017 | B18: 46086 | C18: Beta Stores | D18: 180000 | E18: INR | F18: Failed E05 Timeout | G18: score:72 | H18: apac | I18: U008 | J18: Card | K18: =PROPER(TRIM(C18)) -> Beta Stores | L18: =LOWER(TRIM(F18)) -> failed e05 timeout | M18: =IF(ISNUMBER(SEARCH("capture",L18)),"captured", IF(ISNUMBER(SEARCH("fail",L18)),"failed", IF(ISNUMBER(SEARCH("chargeback",L18)),"chargeback","other"))) -> failed | N18: =IF(G18="","",VALUE(SUBSTITUTE(SUBSTITUTE(G18,"score:",""),"risk-",""))) -> 72 | O18: =UPPER(TRIM(IF(H18<>"",H18,_xlfn.XLOOKUP(K18,merchant_master!B:B,merchant_master!E:E)))) -> APAC | P18: =D18*_xlfn.XLOOKUP(E18,exchange_rates!B:B,exchange_rates!C:C) -> 2142 | Q18: =IF(AND(TRIM(O18)="APAC",P18>5000),1, IF(AND(TRIM(O18)="EU",P18>6000),1, IF(AND(TRIM(O18)="US",P18>7000),1,0))) -> 0 | R18: =IF(OR(N18>=70,ISNUMBER(SEARCH("chargeback",M18))),1,0) -> 1
A19: T018 | B19: 46086 | C19: BETA STORES | D19: 145000 | E19: INR | F19: chargeback | G19: risk-86 | H19: APAC | I19: U008 | J19: UPI | K19: =PROPER(TRIM(C19)) -> Beta Stores | L19: =LOWER(TRIM(F19)) -> chargeback | M19: =IF(ISNUMBER(SEARCH("capture",L19)),"captured", IF(ISNUMBER(SEARCH("fail",L19)),"failed", IF(ISNUMBER(SEARCH("chargeback",L19)),"chargeback","other"))) -> chargeback | N19: =IF(G19="","",VALUE(SUBSTITUTE(SUBSTITUTE(G19,"score:",""),"risk-",""))) -> 86 | O19: =UPPER(TRIM(IF(H19<>"",H19,_xlfn.XLOOKUP(K19,merchant_master!B:B,merchant_master!E:E)))) -> APAC | P19: =D19*_xlfn.XLOOKUP(E19,exchange_rates!B:B,exchange_rates!C:C) -> 1725.5 | Q19: =IF(AND(TRIM(O19)="APAC",P19>5000),1, IF(AND(TRIM(O19)="EU",P19>6000),1, IF(AND(TRIM(O19)="US",P19>7000),1,0))) -> 0 | R19: =IF(OR(N19>=70,ISNUMBER(SEARCH("chargeback",M19))),1,0) -> 1
A20: T019 | B20: 46086 | C20: Alpha Mart | D20: 260000 | E20: INR | F20: Failed E05 Timeout | G20: score:67 | H20: apac | I20: U008 | J20: Wallet | K20: =PROPER(TRIM(C20)) -> Alpha Mart | L20: =LOWER(TRIM(F20)) -> failed e05 timeout | M20: =IF(ISNUMBER(SEARCH("capture",L20)),"captured", IF(ISNUMBER(SEARCH("fail",L20)),"failed", IF(ISNUMBER(SEARCH("chargeback",L20)),"chargeback","other"))) -> failed | N20: =IF(G20="","",VALUE(SUBSTITUTE(SUBSTITUTE(G20,"score:",""),"risk-",""))) -> 67 | O20: =UPPER(TRIM(IF(H20<>"",H20,_xlfn.XLOOKUP(K20,merchant_master!B:B,merchant_master!E:E)))) -> APAC | P20: =D20*_xlfn.XLOOKUP(E20,exchange_rates!B:B,exchange_rates!C:C) -> 3094 | Q20: =IF(AND(TRIM(O20)="APAC",P20>5000),1, IF(AND(TRIM(O20)="EU",P20>6000),1, IF(AND(TRIM(O20)="US",P20>7000),1,0))) -> 0 | R20: =IF(OR(N20>=70,ISNUMBER(SEARCH("chargeback",M20))),1,0) -> 0
A21: T020 | B21: 46086 | C21: Alpha Mart | D21: 520000 | E21: INR | F21: Captured | G21: 75 | H21: APAC | I21: U005 | J21: UPI | K21: =PROPER(TRIM(C21)) -> Alpha Mart | L21: =LOWER(TRIM(F21)) -> captured | M21: =IF(ISNUMBER(SEARCH("capture",L21)),"captured", IF(ISNUMBER(SEARCH("fail",L21)),"failed", IF(ISNUMBER(SEARCH("chargeback",L21)),"chargeback","other"))) -> captured | N21: =IF(G21="","",VALUE(SUBSTITUTE(SUBSTITUTE(G21,"score:",""),"risk-",""))) -> 75 | O21: =UPPER(TRIM(IF(H21<>"",H21,_xlfn.XLOOKUP(K21,merchant_master!B:B,merchant_master!E:E)))) -> APAC | P21: =D21*_xlfn.XLOOKUP(E21,exchange_rates!B:B,exchange_rates!C:C) -> 6188 | Q21: =IF(AND(TRIM(O21)="APAC",P21>5000),1, IF(AND(TRIM(O21)="EU",P21>6000),1, IF(AND(TRIM(O21)="US",P21>7000),1,0))) -> 1 | R21: =IF(OR(N21>=70,ISNUMBER(SEARCH("chargeback",M21))),1,0) -> 1
A22: T021 | B22: 46087 | C22: beta stores | D22: 330000 | E22: INR | F22: captured | G22: score:63 | I22: U006 | J22: Card | K22: =PROPER(TRIM(C22)) -> Beta Stores | L22: =LOWER(TRIM(F22)) -> captured | M22: =IF(ISNUMBER(SEARCH("capture",L22)),"captured", IF(ISNUMBER(SEARCH("fail",L22)),"failed", IF(ISNUMBER(SEARCH("chargeback",L22)),"chargeback","other"))) -> captured | N22: =IF(G22="","",VALUE(SUBSTITUTE(SUBSTITUTE(G22,"score:",""),"risk-",""))) -> 63 | O22: =UPPER(TRIM(IF(H22<>"",H22,_xlfn.XLOOKUP(K22,merchant_master!B:B,merchant_master!E:E)))) -> APAC | P22: =D22*_xlfn.XLOOKUP(E22,exchange_rates!B:B,exchange_rates!C:C) -> 3927 | Q22: =IF(AND(TRIM(O22)="APAC",P22>5000),1, IF(AND(TRIM(O22)="EU",P22>6000),1, IF(AND(TRIM(O22)="US",P22>7000),1,0))) -> 0 | R22: =IF(OR(N22>=70,ISNUMBER(SEARCH("chargeback",M22))),1,0) -> 0
A23: T022 | B23: 46087 | C23: ALPHA MART | D23: 410000 | E23: INR | F23: captured | G23: 60 | H23: APAC | I23: U007 | J23: UPI | K23: =PROPER(TRIM(C23)) -> Alpha Mart | L23: =LOWER(TRIM(F23)) -> captured | M23: =IF(ISNUMBER(SEARCH("capture",L23)),"captured", IF(ISNUMBER(SEARCH("fail",L23)),"failed", IF(ISNUMBER(SEARCH("chargeback",L23)),"chargeback","other"))) -> captured | N23: =IF(G23="","",VALUE(SUBSTITUTE(SUBSTITUTE(G23,"score:",""),"risk-",""))) -> 60 | O23: =UPPER(TRIM(IF(H23<>"",H23,_xlfn.XLOOKUP(K23,merchant_master!B:B,merchant_master!E:E)))) -> APAC | P23: =D23*_xlfn.XLOOKUP(E23,exchange_rates!B:B,exchange_rates!C:C) -> 4879 | Q23: =IF(AND(TRIM(O23)="APAC",P23>5000),1, IF(AND(TRIM(O23)="EU",P23>6000),1, IF(AND(TRIM(O23)="US",P23>7000),1,0))) -> 0 | R23: =IF(OR(N23>=70,ISNUMBER(SEARCH("chargeback",M23))),1,0) -> 0
A24: T023 | B24: 46082 | C24: City Pharma | D24: 5200 | E24: EUR | F24: Captured | G24: 42 | H24: EU | I24: U003 | J24: Card | K24: =PROPER(TRIM(C24)) -> City Pharma | L24: =LOWER(TRIM(F24)) -> captured | M24: =IF(ISNUMBER(SEARCH("capture",L24)),"captured", IF(ISNUMBER(SEARCH("fail",L24)),"failed", IF(ISNUMBER(SEARCH("chargeback",L24)),"chargeback","other"))) -> captured | N24: =IF(G24="","",VALUE(SUBSTITUTE(SUBSTITUTE(G24,"score:",""),"risk-",""))) -> 42 | O24: =UPPER(TRIM(IF(H24<>"",H24,_xlfn.XLOOKUP(K24,merchant_master!B:B,merchant_master!E:E)))) -> EU | P24: =D24*_xlfn.XLOOKUP(E24,exchange_rates!B:B,exchange_rates!C:C) -> 5616 | Q24: =IF(AND(TRIM(O24)="APAC",P24>5000),1, IF(AND(TRIM(O24)="EU",P24>6000),1, IF(AND(TRIM(O24)="US",P24>7000),1,0))) -> 0 | R24: =IF(OR(N24>=70,ISNUMBER(SEARCH("chargeback",M24))),1,0) -> 0
A25: T024 | B25: 46083 | C25: Eco Home | D25: 6100 | E25: EUR | F25: chargeback | G25: score:65 | H25: EU | I25: U004 | J25: Card | K25: =PROPER(TRIM(C25)) -> Eco Home | L25: =LOWER(TRIM(F25)) -> chargeback | M25: =IF(ISNUMBER(SEARCH("capture",L25)),"captured", IF(ISNUMBER(SEARCH("fail",L25)),"failed", IF(ISNUMBER(SEARCH("chargeback",L25)),"chargeback","other"))) -> chargeback | N25: =IF(G25="","",VALUE(SUBSTITUTE(SUBSTITUTE(G25,"score:",""),"risk-",""))) -> 65 | O25: =UPPER(TRIM(IF(H25<>"",H25,_xlfn.XLOOKUP(K25,merchant_master!B:B,merchant_master!E:E)))) -> EU | P25: =D25*_xlfn.XLOOKUP(E25,exchange_rates!B:B,exchange_rates!C:C) -> 6588 | Q25: =IF(AND(TRIM(O25)="APAC",P25>5000),1, IF(AND(TRIM(O25)="EU",P25>6000),1, IF(AND(TRIM(O25)="US",P25>7000),1,0))) -> 1 | R25: =IF(OR(N25>=70,ISNUMBER(SEARCH("chargeback",M25))),1,0) -> 1
A26: T025 | B26: 46084 | C26: City Pharma | D26: 2800 | E26: EUR | F26: captured | G26: 38 | H26: eu | I26: U005 | J26: Wallet | K26: =PROPER(TRIM(C26)) -> City Pharma | L26: =LOWER(TRIM(F26)) -> captured | M26: =IF(ISNUMBER(SEARCH("capture",L26)),"captured", IF(ISNUMBER(SEARCH("fail",L26)),"failed", IF(ISNUMBER(SEARCH("chargeback",L26)),"chargeback","other"))) -> captured | N26: =IF(G26="","",VALUE(SUBSTITUTE(SUBSTITUTE(G26,"score:",""),"risk-",""))) -> 38 | O26: =UPPER(TRIM(IF(H26<>"",H26,_xlfn.XLOOKUP(K26,merchant_master!B:B,merchant_master!E:E)))) -> EU | P26: =D26*_xlfn.XLOOKUP(E26,exchange_rates!B:B,exchange_rates!C:C) -> 3024 | Q26: =IF(AND(TRIM(O26)="APAC",P26>5000),1, IF(AND(TRIM(O26)="EU",P26>6000),1, IF(AND(TRIM(O26)="US",P26>7000),1,0))) -> 0 | R26: =IF(OR(N26>=70,ISNUMBER(SEARCH("chargeback",M26))),1,0) -> 0
A27: T026 | B27: 46086 | C27: Eco Home | D27: 3300 | E27: EUR | F27: Failed E05 Timeout | G27: 44 | H27: EU | I27: U006 | J27: NetBanking | K27: =PROPER(TRIM(C27)) -> Eco Home | L27: =LOWER(TRIM(F27)) -> failed e05 timeout | M27: =IF(ISNUMBER(SEARCH("capture",L27)),"captured", IF(ISNUMBER(SEARCH("fail",L27)),"failed", IF(ISNUMBER(SEARCH("chargeback",L27)),"chargeback","other"))) -> failed | N27: =IF(G27="","",VALUE(SUBSTITUTE(SUBSTITUTE(G27,"score:",""),"risk-",""))) -> 44 | O27: =UPPER(TRIM(IF(H27<>"",H27,_xlfn.XLOOKUP(K27,merchant_master!B:B,merchant_master!E:E)))) -> EU | P27: =D27*_xlfn.XLOOKUP(E27,exchange_rates!B:B,exchange_rates!C:C) -> 3564 | Q27: =IF(AND(TRIM(O27)="APAC",P27>5000),1, IF(AND(TRIM(O27)="EU",P27>6000),1, IF(AND(TRIM(O27)="US",P27>7000),1,0))) -> 0 | R27: =IF(OR(N27>=70,ISNUMBER(SEARCH("chargeback",M27))),1,0) -> 0
A28: T027 | B28: 46082 | C28: DELTA TRAVELS | D28: 7200 | E28: USD | F28: captured | G28: 49 | H28: us | I28: U007 | J28: Card | K28: =PROPER(TRIM(C28)) -> Delta Travels | L28: =LOWER(TRIM(F28)) -> captured | M28: =IF(ISNUMBER(SEARCH("capture",L28)),"captured", IF(ISNUMBER(SEARCH("fail",L28)),"failed", IF(ISNUMBER(SEARCH("chargeback",L28)),"chargeback","other"))) -> captured | N28: =IF(G28="","",VALUE(SUBSTITUTE(SUBSTITUTE(G28,"score:",""),"risk-",""))) -> 49 | O28: =UPPER(TRIM(IF(H28<>"",H28,_xlfn.XLOOKUP(K28,merchant_master!B:B,merchant_master!E:E)))) -> US | P28: =D28*_xlfn.XLOOKUP(E28,exchange_rates!B:B,exchange_rates!C:C) -> 7200 | Q28: =IF(AND(TRIM(O28)="APAC",P28>5000),1, IF(AND(TRIM(O28)="EU",P28>6000),1, IF(AND(TRIM(O28)="US",P28>7000),1,0))) -> 1 | R28: =IF(OR(N28>=70,ISNUMBER(SEARCH("chargeback",M28))),1,0) -> 0
A29: T028 | B29: 46083 | C29: Delta Travels | D29: 3100 | E29: USD | F29: CAPTURED | G29: risk-41 | H29: US | I29: U008 | J29: Card | K29: =PROPER(TRIM(C29)) -> Delta Travels | L29: =LOWER(TRIM(F29)) -> captured | M29: =IF(ISNUMBER(SEARCH("capture",L29)),"captured", IF(ISNUMBER(SEARCH("fail",L29)),"failed", IF(ISNUMBER(SEARCH("chargeback",L29)),"chargeback","other"))) -> captured | N29: =IF(G29="","",VALUE(SUBSTITUTE(SUBSTITUTE(G29,"score:",""),"risk-",""))) -> 41 | O29: =UPPER(TRIM(IF(H29<>"",H29,_xlfn.XLOOKUP(K29,merchant_master!B:B,merchant_master!E:E)))) -> US | P29: =D29*_xlfn.XLOOKUP(E29,exchange_rates!B:B,exchange_rates!C:C) -> 3100 | Q29: =IF(AND(TRIM(O29)="APAC",P29>5000),1, IF(AND(TRIM(O29)="EU",P29>6000),1, IF(AND(TRIM(O29)="US",P29>7000),1,0))) -> 0 | R29: =IF(OR(N29>=70,ISNUMBER(SEARCH("chargeback",M29))),1,0) -> 0
A30: T029 | B30: 46085 | C30: delta travels | D30: 2500 | E30: USD | F30: chargeback | G30: score:58 | H30: US | I30: U009 | J30: Wallet | K30: =PROPER(TRIM(C30)) -> Delta Travels | L30: =LOWER(TRIM(F30)) -> chargeback | M30: =IF(ISNUMBER(SEARCH("capture",L30)),"captured", IF(ISNUMBER(SEARCH("fail",L30)),"failed", IF(ISNUMBER(SEARCH("chargeback",L30)),"chargeback","other"))) -> chargeback | N30: =IF(G30="","",VALUE(SUBSTITUTE(SUBSTITUTE(G30,"score:",""),"risk-",""))) -> 58 | O30: =UPPER(TRIM(IF(H30<>"",H30,_xlfn.XLOOKUP(K30,merchant_master!B:B,merchant_master!E:E)))) -> US | P30: =D30*_xlfn.XLOOKUP(E30,exchange_rates!B:B,exchange_rates!C:C) -> 2500 | Q30: =IF(AND(TRIM(O30)="APAC",P30>5000),1, IF(AND(TRIM(O30)="EU",P30>6000),1, IF(AND(TRIM(O30)="US",P30>7000),1,0))) -> 0 | R30: =IF(OR(N30>=70,ISNUMBER(SEARCH("chargeback",M30))),1,0) -> 1
A31: T030 | B31: 46087 | C31: DELTA TRAVELS | D31: 1800 | E31: USD | F31: Failed E05 Timeout | G31: score:47 | H31: US | I31: U010 | J31: UPI | K31: =PROPER(TRIM(C31)) -> Delta Travels | L31: =LOWER(TRIM(F31)) -> failed e05 timeout | M31: =IF(ISNUMBER(SEARCH("capture",L31)),"captured", IF(ISNUMBER(SEARCH("fail",L31)),"failed", IF(ISNUMBER(SEARCH("chargeback",L31)),"chargeback","other"))) -> failed | N31: =IF(G31="","",VALUE(SUBSTITUTE(SUBSTITUTE(G31,"score:",""),"risk-",""))) -> 47 | O31: =UPPER(TRIM(IF(H31<>"",H31,_xlfn.XLOOKUP(K31,merchant_master!B:B,merchant_master!E:E)))) -> US | P31: =D31*_xlfn.XLOOKUP(E31,exchange_rates!B:B,exchange_rates!C:C) -> 1800 | Q31: =IF(AND(TRIM(O31)="APAC",P31>5000),1, IF(AND(TRIM(O31)="EU",P31>6000),1, IF(AND(TRIM(O31)="US",P31>7000),1,0))) -> 0 | R31: =IF(OR(N31>=70,ISNUMBER(SEARCH("chargeback",M31))),1,0) -> 0

Sheet summary
A1: Merchants | B1: total_transactions | C1: total_gmv | D1: high_risk_transactions
A2: Alpha Mart | B2: 11 | C2: 40698 | D2: 3
A3: Beta Stores | B3: 11 | C3: 41531 | D3: 5
A4: City Pharma | B4: 2 | C4: 8640 | D4: 0
A5: Delta Travels | B5: 4 | C5: 14600 | D5: 1
A6: Eco Home | B6: 2 | C6: 10152 | D6: 1
A7: Grand Total | B7: 30 | C7: 115621 | D7: 10
